final_rank,repository,integrated_score,bradley_terry_score,bradley_terry_rank,category_potential_score,bsv_investment_score,score_lower_ci,score_upper_ci,rank_stability
1,test-ai-framework,0.5020791090274492,0.3601130128963559,1,0.85,0.8,0.3241017116067203,0.39612431418599153,0.5
2,web3-platform,0.43826757068543226,0.29038224383633177,2,0.8,0.75,0.2613440194526986,0.31942046821996495,0.5
3,database-optimizer,0.3414092346223057,0.21629890660329384,3,0.65,0.6,0.19466901594296446,0.23792879726362326,0.5
4,blockchain-toolkit,0.31324408564648476,0.13320583663783533,4,0.75,0.7,0.11988525297405181,0.1465264203016189,0.5
5,ml-pipeline,0.20500000001832822,2.6183165866474104e-11,5,0.7,0.65,2.3564849279826695e-11,2.8801482453121516e-11,0.5
